Workbook

Sheet README
A1: Top-down grad vetting — mk1 (2026-09-27)
A3: Method | B3: Seed = Chen et al. 2021 phonon DOS (FORGE phonon reproduction). Three sweeps: forward/sideways citation lineage; Bayesian-UQ + ML-for-CMP physics groups; University of Arizona faculty. US university faculty only.
A4: Fit (1-5) | B4: Claude's judgment, EDIT FREELY (blue cells on Faculty). 5 = direct overlap with phonon-ML / Bayesian UQ AND can advise a CMP physics PhD.
A5: Physics dept | B5: Y = Physics/Applied Physics appointment; Partial = joint or listed in physics grad program (confirm sole-advising); N = other dept.
A6: Score | B6: Universities: sum of fit for Y/Partial PIs + weight x sum of fit for N PIs. Weight in cell B7.
A7: Non-physics weight | B7: 0.5
A8: Flags | B8: Gull lab moving to Warsaw; Gomez-Bombarelli possible leave; Transtrum left BYU (Tadmor row); Shuiwang Ji affiliation unverified; Biswas partial.
A9: Gaps | B9: Not exhaustive: sweeps capped ~25-36 papers each. arXiv rate limits skipped a few pages. Recruiting status is only what faculty pages state. UA score is inflated: it got a dedicated full-department sweep, other schools only appear through papers — compare on Best PI fit, not Score.
A10: Notable | B10: Zhantao Chen (seed-paper first author) is now faculty at UT Austin ME doing Bayesian Hamiltonian inference — closest match to FORGE's Laplace/HMC work.

Sheet Universities
A1: Rank | B1: University | C1: State | D1: PIs | E1: Physics PIs (Y) | F1: Partial PIs | G1: Total fit | H1: Best PI fit | I1: Score | J1: Papers
A2: =RANK(I2,$I$2:$I$29) -> 1 | B2: University of Arizona | C2: AZ | D2: =COUNTIF(Faculty!$B:$B,B2) -> 15 | E2: =COUNTIFS(Faculty!$B:$B,B2,Faculty!$E:$E,"Y") -> 8 | F2: =COUNTIFS(Faculty!$B:$B,B2,Faculty!$E:$E,"Partial") -> 3 | G2: =SUMIF(Faculty!$B:$B,B2,Faculty!$F:$F) -> 44 | H2: =_xlfn.MAXIFS(Faculty!$F:$F,Faculty!$B:$B,B2) -> 5 | I2: =SUMIFS(Faculty!$F:$F,Faculty!$B:$B,B2,Faculty!$E:$E,"Y")+SUMIFS(Faculty!$F:$F,Faculty!$B:$B,B2,Faculty!$E:$E,"Partial")+README!$B$7*SUMIFS(Faculty!$F:$F,Faculty!$B:$B,B2,Faculty!$E:$E,"N") -> 38.5 | J2: =SUMIF(Faculty!$B:$B,B2,Faculty!$K:$K) -> 24
A3: =RANK(I3,$I$2:$I$29) -> 2 | B3: U Tennessee Knoxville | C3: TN | D3: =COUNTIF(Faculty!$B:$B,B3) -> 7 | E3: =COUNTIFS(Faculty!$B:$B,B3,Faculty!$E:$E,"Y") -> 5 | F3: =COUNTIFS(Faculty!$B:$B,B3,Faculty!$E:$E,"Partial") -> 0 | G3: =SUMIF(Faculty!$B:$B,B3,Faculty!$F:$F) -> 25 | H3: =_xlfn.MAXIFS(Faculty!$F:$F,Faculty!$B:$B,B3) -> 5 | I3: =SUMIFS(Faculty!$F:$F,Faculty!$B:$B,B3,Faculty!$E:$E,"Y")+SUMIFS(Faculty!$F:$F,Faculty!$B:$B,B3,Faculty!$E:$E,"Partial")+README!$B$7*SUMIFS(Faculty!$F:$F,Faculty!$B:$B,B3,Faculty!$E:$E,"N") -> 22.5 | J3: =SUMIF(Faculty!$B:$B,B3,Faculty!$K:$K) -> 8
A4: =RANK(I4,$I$2:$I$29) -> 3 | B4: MIT | C4: MA | D4: =COUNTIF(Faculty!$B:$B,B4) -> 7 | E4: =COUNTIFS(Faculty!$B:$B,B4,Faculty!$E:$E,"Y") -> 3 | F4: =COUNTIFS(Faculty!$B:$B,B4,Faculty!$E:$E,"Partial") -> 0 | G4: =SUMIF(Faculty!$B:$B,B4,Faculty!$F:$F) -> 23 | H4: =_xlfn.MAXIFS(Faculty!$F:$F,Faculty!$B:$B,B4) -> 5 | I4: =SUMIFS(Faculty!$F:$F,Faculty!$B:$B,B4,Faculty!$E:$E,"Y")+SUMIFS(Faculty!$F:$F,Faculty!$B:$B,B4,Faculty!$E:$E,"Partial")+README!$B$7*SUMIFS(Faculty!$F:$F,Faculty!$B:$B,B4,Faculty!$E:$E,"N") -> 16.5 | J4: =SUMIF(Faculty!$B:$B,B4,Faculty!$K:$K) -> 19
A5: =RANK(I5,$I$2:$I$29) -> 4 | B5: U Florida | C5: FL | D5: =COUNTIF(Faculty!$B:$B,B5) -> 3 | E5: =COUNTIFS(Faculty!$B:$B,B5,Faculty!$E:$E,"Y") -> 2 | F5: =COUNTIFS(Faculty!$B:$B,B5,Faculty!$E:$E,"Partial") -> 0 | G5: =SUMIF(Faculty!$B:$B,B5,Faculty!$F:$F) -> 11 | H5: =_xlfn.MAXIFS(Faculty!$F:$F,Faculty!$B:$B,B5) -> 5 | I5: =SUMIFS(Faculty!$F:$F,Faculty!$B:$B,B5,Faculty!$E:$E,"Y")+SUMIFS(Faculty!$F:$F,Faculty!$B:$B,B5,Faculty!$E:$E,"Partial")+README!$B$7*SUMIFS(Faculty!$F:$F,Faculty!$B:$B,B5,Faculty!$E:$E,"N") -> 9.5 | J5: =SUMIF(Faculty!$B:$B,B5,Faculty!$K:$K) -> 4
A6: =RANK(I6,$I$2:$I$29) -> 5 | B6: UIUC | C6: IL | D6: =COUNTIF(Faculty!$B:$B,B6) -> 3 | E6: =COUNTIFS(Faculty!$B:$B,B6,Faculty!$E:$E,"Y") -> 2 | F6: =COUNTIFS(Faculty!$B:$B,B6,Faculty!$E:$E,"Partial") -> 0 | G6: =SUMIF(Faculty!$B:$B,B6,Faculty!$F:$F) -> 8 | H6: =_xlfn.MAXIFS(Faculty!$F:$F,Faculty!$B:$B,B6) -> 4 | I6: =SUMIFS(Faculty!$F:$F,Faculty!$B:$B,B6,Faculty!$E:$E,"Y")+SUMIFS(Faculty!$F:$F,Faculty!$B:$B,B6,Faculty!$E:$E,"Partial")+README!$B$7*SUMIFS(Faculty!$F:$F,Faculty!$B:$B,B6,Faculty!$E:$E,"N") -> 7.5 | J6: =SUMIF(Faculty!$B:$B,B6,Faculty!$K:$K) -> 5
A7: =RANK(I7,$I$2:$I$29) -> 6 | B7: Cornell | C7: NY | D7: =COUNTIF(Faculty!$B:$B,B7) -> 2 | E7: =COUNTIFS(Faculty!$B:$B,B7,Faculty!$E:$E,"Y") -> 1 | F7: =COUNTIFS(Faculty!$B:$B,B7,Faculty!$E:$E,"Partial") -> 0 | G7: =SUMIF(Faculty!$B:$B,B7,Faculty!$F:$F) -> 7 | H7: =_xlfn.MAXIFS(Faculty!$F:$F,Faculty!$B:$B,B7) -> 5 | I7: =SUMIFS(Faculty!$F:$F,Faculty!$B:$B,B7,Faculty!$E:$E,"Y")+SUMIFS(Faculty!$F:$F,Faculty!$B:$B,B7,Faculty!$E:$E,"Partial")+README!$B$7*SUMIFS(Faculty!$F:$F,Faculty!$B:$B,B7,Faculty!$E:$E,"N") -> 6 | J7: =SUMIF(Faculty!$B:$B,B7,Faculty!$K:$K) -> 3
A8: =RANK(I8,$I$2:$I$29) -> 7 | B8: Northeastern | C8: MA | D8: =COUNTIF(Faculty!$B:$B,B8) -> 1 | E8: =COUNTIFS(Faculty!$B:$B,B8,Faculty!$E:$E,"Y") -> 1 | F8: =COUNTIFS(Faculty!$B:$B,B8,Faculty!$E:$E,"Partial") -> 0 | G8: =SUMIF(Faculty!$B:$B,B8,Faculty!$F:$F) -> 5 | H8: =_xlfn.MAXIFS(Faculty!$F:$F,Faculty!$B:$B,B8) -> 5 | I8: =SUMIFS(Faculty!$F:$F,Faculty!$B:$B,B8,Faculty!$E:$E,"Y")+SUMIFS(Faculty!$F:$F,Faculty!$B:$B,B8,Faculty!$E:$E,"Partial")+README!$B$7*SUMIFS(Faculty!$F:$F,Faculty!$B:$B,B8,Faculty!$E:$E,"N") -> 5 | J8: =SUMIF(Faculty!$B:$B,B8,Faculty!$K:$K) -> 2
A9: =RANK(I9,$I$2:$I$29) -> 8 | B9: Caltech | C9: CA | D9: =COUNTIF(Faculty!$B:$B,B9) -> 1 | E9: =COUNTIFS(Faculty!$B:$B,B9,Faculty!$E:$E,"Y") -> 1 | F9: =COUNTIFS(Faculty!$B:$B,B9,Faculty!$E:$E,"Partial") -> 0 | G9: =SUMIF(Faculty!$B:$B,B9,Faculty!$F:$F) -> 4 | H9: =_xlfn.MAXIFS(Faculty!$F:$F,Faculty!$B:$B,B9) -> 4 | I9: =SUMIFS(Faculty!$F:$F,Faculty!$B:$B,B9,Faculty!$E:$E,"Y")+SUMIFS(Faculty!$F:$F,Faculty!$B:$B,B9,Faculty!$E:$E,"Partial")+README!$B$7*SUMIFS(Faculty!$F:$F,Faculty!$B:$B,B9,Faculty!$E:$E,"N") -> 4 | J9: =SUMIF(Faculty!$B:$B,B9,Faculty!$K:$K) -> 1
A10: =RANK(I10,$I$2:$I$29) -> 8 | B10: UC San Diego | C10: CA | D10: =COUNTIF(Faculty!$B:$B,B10) -> 1 | E10: =COUNTIFS(Faculty!$B:$B,B10,Faculty!$E:$E,"Y") -> 1 | F10: =COUNTIFS(Faculty!$B:$B,B10,Faculty!$E:$E,"Partial") -> 0 | G10: =SUMIF(Faculty!$B:$B,B10,Faculty!$F:$F) -> 4 | H10: =_xlfn.MAXIFS(Faculty!$F:$F,Faculty!$B:$B,B10) -> 4 | I10: =SUMIFS(Faculty!$F:$F,Faculty!$B:$B,B10,Faculty!$E:$E,"Y")+SUMIFS(Faculty!$F:$F,Faculty!$B:$B,B10,Faculty!$E:$E,"Partial")+README!$B$7*SUMIFS(Faculty!$F:$F,Faculty!$B:$B,B10,Faculty!$E:$E,"N") -> 4 | J10: =SUMIF(Faculty!$B:$B,B10,Faculty!$K:$K) -> 1
A11: =RANK(I11,$I$2:$I$29) -> 8 | B11: UC Davis | C11: CA | D11: =COUNTIF(Faculty!$B:$B,B11) -> 1 | E11: =COUNTIFS(Faculty!$B:$B,B11,Faculty!$E:$E,"Y") -> 1 | F11: =COUNTIFS(Faculty!$B:$B,B11,Faculty!$E:$E,"Partial") -> 0 | G11: =SUMIF(Faculty!$B:$B,B11,Faculty!$F:$F) -> 4 | H11: =_xlfn.MAXIFS(Faculty!$F:$F,Faculty!$B:$B,B11) -> 4 | I11: =SUMIFS(Faculty!$F:$F,Faculty!$B:$B,B11,Faculty!$E:$E,"Y")+SUMIFS(Faculty!$F:$F,Faculty!$B:$B,B11,Faculty!$E:$E,"Partial")+README!$B$7*SUMIFS(Faculty!$F:$F,Faculty!$B:$B,B11,Faculty!$E:$E,"N") -> 4 | J11: =SUMIF(Faculty!$B:$B,B11,Faculty!$K:$K) -> 1
A12: =RANK(I12,$I$2:$I$29) -> 8 | B12: Duke | C12: NC | D12: =COUNTIF(Faculty!$B:$B,B12) -> 1 | E12: =COUNTIFS(Faculty!$B:$B,B12,Faculty!$E:$E,"Y") -> 0 | F12: =COUNTIFS(Faculty!$B:$B,B12,Faculty!$E:$E,"Partial") -> 1 | G12: =SUMIF(Faculty!$B:$B,B12,Faculty!$F:$F) -> 4 | H12: =_xlfn.MAXIFS(Faculty!$F:$F,Faculty!$B:$B,B12) -> 4 | I12: =SUMIFS(Faculty!$F:$F,Faculty!$B:$B,B12,Faculty!$E:$E,"Y")+SUMIFS(Faculty!$F:$F,Faculty!$B:$B,B12,Faculty!$E:$E,"Partial")+README!$B$7*SUMIFS(Faculty!$F:$F,Faculty!$B:$B,B12,Faculty!$E:$E,"N") -> 4 | J12: =SUMIF(Faculty!$B:$B,B12,Faculty!$K:$K) -> 1
A13: =RANK(I13,$I$2:$I$29) -> 8 | B13: Emory | C13: GA | D13: =COUNTIF(Faculty!$B:$B,B13) -> 1 | E13: =COUNTIFS(Faculty!$B:$B,B13,Faculty!$E:$E,"Y") -> 0 | F13: =COUNTIFS(Faculty!$B:$B,B13,Faculty!$E:$E,"Partial") -> 1 | G13: =SUMIF(Faculty!$B:$B,B13,Faculty!$F:$F) -> 4 | H13: =_xlfn.MAXIFS(Faculty!$F:$F,Faculty!$B:$B,B13) -> 4 | I13: =SUMIFS(Faculty!$F:$F,Faculty!$B:$B,B13,Faculty!$E:$E,"Y")+SUMIFS(Faculty!$F:$F,Faculty!$B:$B,B13,Faculty!$E:$E,"Partial")+README!$B$7*SUMIFS(Faculty!$F:$F,Faculty!$B:$B,B13,Faculty!$E:$E,"N") -> 4 | J13: =SUMIF(Faculty!$B:$B,B13,Faculty!$K:$K) -> 0
... A29: =RANK(I29,$I$2:$I$29) -> 28 | B29: Texas A&M | C29: TX | D29: =COUNTIF(Faculty!$B:$B,B29) -> 1 | E29: =COUNTIFS(Faculty!$B:$B,B29,Faculty!$E:$E,"Y") -> 0 | F29: =COUNTIFS(Faculty!$B:$B,B29,Faculty!$E:$E,"Partial") -> 0 | G29: =SUMIF(Faculty!$B:$B,B29,Faculty!$F:$F) -> 1 | H29: =_xlfn.MAXIFS(Faculty!$F:$F,Faculty!$B:$B,B29) -> 1 | I29: =SUMIFS(Faculty!$F:$F,Faculty!$B:$B,B29,Faculty!$E:$E,"Y")+SUMIFS(Faculty!$F:$F,Faculty!$B:$B,B29,Faculty!$E:$E,"Partial")+README!$B$7*SUMIFS(Faculty!$F:$F,Faculty!$B:$B,B29,Faculty!$E:$E,"N") -> 0.5 | J29: =SUMIF(Faculty!$B:$B,B29,Faculty!$K:$K) -> 1

Sheet Faculty
A1: PI | B1: University | C1: State | D1: Department | E1: Physics dept | F1: Fit (1-5) | G1: Sweep | H1: Note / flag | I1: Page | J1: Rank in school | K1: Papers
A2: Dalziel Wilson | B2: University of Arizona | C2: AZ | D2: Optical Sciences (joint Physics) | E2: Partial | F2: 5 | G2: ua | H2: Bayesian-opt phononic nanomechanics; confirm sole Physics advising | I2: https://profiles.arizona.edu/person/dalziel | J2: =COUNTIFS($B:$B,B2,$F:$F,">"&F2)+1 -> 1 | K2: =COUNTIF(Papers!$E:$E,A2) -> 2
A3: Brian LeRoy | B3: University of Arizona | C3: AZ | D3: Physics | E3: Y | F3: 4 | G3: ua | H3: 2D/moire experiment; phonon lifetimes | I3: https://leroylab.arizona.edu/publications.html | J3: =COUNTIFS($B:$B,B3,$F:$F,">"&F3)+1 -> 2 | K3: =COUNTIF(Papers!$E:$E,A3) -> 1
A4: John Schaibley | B4: University of Arizona | C4: AZ | D4: Physics | E4: Y | F4: 4 | G4: ua | H4: TMD semiconductors; fits SST emphasis | I4: https://physics.arizona.edu/people/john-schaibley | J4: =COUNTIFS($B:$B,B4,$F:$F,">"&F4)+1 -> 2 | K4: =COUNTIF(Papers!$E:$E,A4) -> 2
A5: Pierre Deymier | B5: University of Arizona | C5: AZ | D5: Materials Sci & Eng | E5: N | F5: 4 | G5: ua | H5: UA's phonon group; needs Physics co-advisor | I5: https://mse.engineering.arizona.edu/faculty-staff | J5: =COUNTIFS($B:$B,B5,$F:$F,">"&F5)+1 -> 2 | K5: =COUNTIF(Papers!$E:$E,A5) -> 3
A6: Charles Stafford | B6: University of Arizona | C6: AZ | D6: Physics | E6: Y | F6: 3 | G6: ua | H6: Quantum heat/thermoelectric transport theory | I6: https://stafford.physics.arizona.edu/publications.html | J6: =COUNTIFS($B:$B,B6,$F:$F,">"&F6)+1 -> 5 | K6: =COUNTIF(Papers!$E:$E,A6) -> 2
A7: Zafer Mutlu | B7: University of Arizona | C7: AZ | D7: MSE / ECE / Physics | E7: Partial | F7: 3 | G7: ua | H7: GNR transistors | I7: https://zafermutlu.arizona.edu/publications | J7: =COUNTIFS($B:$B,B7,$F:$F,">"&F7)+1 -> 5 | K7: =COUNTIF(Papers!$E:$E,A7) -> 2
A8: Brian S.Y. Kim | B8: University of Arizona | C8: AZ | D8: MSE / Physics | E8: Partial | F8: 3 | G8: ua | H8: vdW / 2D semiconductors | I8: https://profiles.arizona.edu/person/briankim | J8: =COUNTIFS($B:$B,B8,$F:$F,">"&F8)+1 -> 5 | K8: =COUNTIF(Papers!$E:$E,A8) -> 1
A9: Tai Kong | B9: University of Arizona | C9: AZ | D9: Physics | E9: Y | F9: 3 | G9: ua | H9: Quantum-magnet crystal growth | I9: https://sites.google.com/view/kong-lab/publications | J9: =COUNTIFS($B:$B,B9,$F:$F,">"&F9)+1 -> 5 | K9: =COUNTIF(Papers!$E:$E,A9) -> 2
A10: Jean-Luc Bredas | B10: University of Arizona | C10: AZ | D10: Chemistry & Biochemistry | E10: N | F10: 3 | G10: ua | H10: GNN vibrational spectra; dept not confirmed on UA page | I10: https://bredators.arizona.edu/publications | J10: =COUNTIFS($B:$B,B10,$F:$F,">"&F10)+1 -> 5 | K10: =COUNTIF(Papers!$E:$E,A10) -> 1
A11: Sumit Mazumdar | B11: University of Arizona | C11: AZ | D11: Physics / Chem / OSC | E11: Y | F11: 2 | G11: ua | I11: https://physics.arizona.edu/people/sumit-mazumdar | J11: =COUNTIFS($B:$B,B11,$F:$F,">"&F11)+1 -> 10 | K11: =COUNTIF(Papers!$E:$E,A11) -> 1
A12: Mohammed Hassan | B12: University of Arizona | C12: AZ | D12: Physics (and OSC) | E12: Y | F12: 2 | G12: ua | H12: Attosecond | I12: https://sites.arizona.edu/mohammedhassan/publications/ | J12: =COUNTIFS($B:$B,B12,$F:$F,">"&F12)+1 -> 10 | K12: =COUNTIF(Papers!$E:$E,A12) -> 2
A13: Nikolay Golubev | B13: University of Arizona | C13: AZ | D13: Physics | E13: Y | F13: 2 | G13: ua | I13: https://ngolubev.com/publications/ | J13: =COUNTIFS($B:$B,B13,$F:$F,">"&F13)+1 -> 10 | K13: =COUNTIF(Papers!$E:$E,A13) -> 1
A14: Arvinder Sandhu | B14: University of Arizona | C14: AZ | D14: Physics | E14: Y | F14: 2 | G14: ua | H14: Co-author on LeRoy phonon work | I14: https://physics.arizona.edu/ | J14: =COUNTIFS($B:$B,B14,$F:$F,">"&F14)+1 -> 10 | K14: =COUNTIF(Papers!$E:$E,A14) -> 1
A15: Marat Latypov | B15: University of Arizona | C15: AZ | D15: MSE / Applied Math | E15: N | F15: 2 | G15: ua | I15: https://mse.engineering.arizona.edu/faculty-staff | J15: =COUNTIFS($B:$B,B15,$F:$F,">"&F15)+1 -> 10 | K15: =COUNTIF(Papers!$E:$E,A15) -> 1
A16: Qing Hao | B16: University of Arizona | C16: AZ | D16: Aerospace & Mechanical Eng | E16: N | F16: 2 | G16: ua | H16: Phonon thermal transport measurement | I16: https://profiles.arizona.edu/person/qinghao | J16: =COUNTIFS($B:$B,B16,$F:$F,">"&F16)+1 -> 10 | K16: =COUNTIF(Papers!$E:$E,A16) -> 2
A17: Alan Tennant | B17: U Tennessee Knoxville | C17: TN | D17: Physics & MSE | E17: Y | F17: 5 | G17: phonon-lineage | H17: Inverse Hamiltonian from neutron data; ORNL adjacent | I17: https://quantummaterials.utk.edu/affiliates/affiliates-alan-tennant/ | J17: =COUNTIFS($B:$B,B17,$F:$F,">"&F17)+1 -> 1 | K17: =COUNTIF(Papers!$E:$E,A17) -> 1
A18: Adrian Del Maestro | B18: U Tennessee Knoxville | C18: TN | D18: Physics (Head) | E18: Y | F18: 4 | G18: bayes-cmp | H18: GP ensembles for QMC/DMRG | I18: https://physics.utk.edu/people/instructional-faculty/del-maestro-adrian/ | J18: =COUNTIFS($B:$B,B18,$F:$F,">"&F18)+1 -> 2 | K18: =COUNTIF(Papers!$E:$E,A18) -> 1
A19: Yang Zhang | B19: U Tennessee Knoxville | C19: TN | D19: Physics (joint EECS) | E19: Y | F19: 4 | G19: bayes-cmp | H19: RECRUITING per page | I19: https://physics.utk.edu/people/instructional-faculty/zhang-yang/ | J19: =COUNTIFS($B:$B,B19,$F:$F,">"&F19)+1 -> 2 | K19: =COUNTIF(Papers!$E:$E,A19) -> 1
A20: Cristian Batista | B20: U Tennessee Knoxville | C20: TN | D20: Physics | E20: Y | F20: 4 | G20: bayes-cmp | H20: NN inverse neutron scattering | I20: https://physics.utk.edu/people/instructional-faculty/batista-cristian-d/ | J20: =COUNTIFS($B:$B,B20,$F:$F,">"&F20)+1 -> 2 | K20: =COUNTIF(Papers!$E:$E,A20) -> 1
A21: Steve Johnston | B21: U Tennessee Knoxville | C21: TN | D21: Physics | E21: Y | F21: 3 | G21: bayes-cmp | H21: Co-author lead: RIXS Bayesian-opt Hamiltonian inference (BNL senior) | I21: https://physics.utk.edu/ | J21: =COUNTIFS($B:$B,B21,$F:$F,">"&F21)+1 -> 5 | K21: =COUNTIF(Papers!$E:$E,A21) -> 1
A22: Sergei Kalinin | B22: U Tennessee Knoxville | C22: TN | D22: Materials Sci & Eng | E22: N | F22: 3 | G22: bayes-cmp | H22: Bayesian-opt autonomous microscopy | I22: https://tickle.utk.edu/mse/faculty/sergei-kalinin/ | J22: =COUNTIFS($B:$B,B22,$F:$F,">"&F22)+1 -> 5 | K22: =COUNTIF(Papers!$E:$E,A22) -> 2
A23: Arpan Biswas | B23: U Tennessee Knoxville | C23: TN | D23: Bredesen Center (Res. Asst. Prof.) | E23: N | F23: 2 | G23: bayes-cmp | H23: Affiliation partially verified | I23: https://bredesencenter.utk.edu/faculty/arpan-biswas/ | J23: =COUNTIFS($B:$B,B23,$F:$F,">"&F23)+1 -> 7 | K23: =COUNTIF(Papers!$E:$E,A23) -> 1
A24: Mingda Li | B24: MIT | C24: MA | D24: Nuclear Science & Eng | E24: N | F24: 5 | G24: phonon-lineage | H24: Seed-paper PI. NSE, not Physics; confirm cross-dept advising | I24: https://nse.mit.edu/people/mingda-li/ | J24: =COUNTIFS($B:$B,B24,$F:$F,">"&F24)+1 -> 1 | K24: =COUNTIF(Papers!$E:$E,A24) -> 10
A25: Tess Smidt | B25: MIT | C25: MA | D25: EECS | E25: N | F25: 4 | G25: phonon-lineage | H25: e3nn author | I25: https://www.eecs.mit.edu/people/tess-smidt/ | J25: =COUNTIFS($B:$B,B25,$F:$F,">"&F25)+1 -> 2 | K25: =COUNTIF(Papers!$E:$E,A25) -> 2
A26: Liang Fu | B26: MIT | C26: MA | D26: Physics | E26: Y | F26: 4 | G26: bayes-cmp | H26: Neural quantum states for moire/FQH | I26: https://physics.mit.edu/faculty/liang-fu/ | J26: =COUNTIFS($B:$B,B26,$F:$F,">"&F26)+1 -> 2 | K26: =COUNTIF(Papers!$E:$E,A26) -> 3
A27: Marin Soljacic | B27: MIT | C27: MA | D27: Physics | E27: Y | F27: 3 | G27: phonon-lineage | H27: Photonic DOS ML; weaker CMP fit | I27: https://physics.mit.edu/faculty/marin-soljacic/ | J27: =COUNTIFS($B:$B,B27,$F:$F,">"&F27)+1 -> 4 | K27: =COUNTIF(Papers!$E:$E,A27) -> 2
... A29: Rafael Gomez-Bombarelli | B29: MIT | C29: MA | D29: Materials Sci & Eng | E29: N | F29: 2 | G29: phonon-lineage | H29: FLAG: possible leave to Lila Sciences | I29: https://mrl.mit.edu/PIs/Rafael-Gomez-Bombarelli | J29: =COUNTIFS($B:$B,B29,$F:$F,">"&F29)+1 -> 6 | K29: =COUNTIF(Papers!$E:$E,A29) -> 1
A30: Jeffrey Grossman | B30: MIT | C30: MA | D30: Materials Sci & Eng | E30: N | F30: 2 | G30: phonon-lineage | I30: https://dmse.mit.edu/people/faculty/jeffrey-grossman/ | J30: =COUNTIFS($B:$B,B30,$F:$F,">"&F30)+1 -> 6 | K30: =COUNTIF(Papers!$E:$E,A30) -> 1
A31: Chunjing Jia | B31: U Florida | C31: FL | D31: Physics | E31: Y | F31: 5 | G31: bayes-cmp | H31: GP active learning of phase diagrams + ARPES ML | I31: https://phys.ufl.edu/people/faculty/chunjing-jia/ | J31: =COUNTIFS($B:$B,B31,$F:$F,">"&F31)+1 -> 1 | K31: =COUNTIF(Papers!$E:$E,A31) -> 2
A32: Richard Hennig | B32: U Florida | C32: FL | D32: Materials Sci & Eng | E32: N | F32: 3 | G32: phonon-lineage | H32: Electron-phonon a2F ML; cites seed | I32: https://mse.ufl.edu/people/faculty/name/richard-hennig/ | J32: =COUNTIFS($B:$B,B32,$F:$F,">"&F32)+1 -> 2 | K32: =COUNTIF(Papers!$E:$E,A32) -> 2
A33: Peter Hirschfeld | B33: U Florida | C33: FL | D33: Physics | E33: Y | F33: 3 | G33: phonon-lineage | H33: Co-author lead on Hennig superconductor ML | I33: https://phys.ufl.edu/ | J33: =COUNTIFS($B:$B,B33,$F:$F,">"&F33)+1 -> 2 | K33: =COUNTIF(Papers!$E:$E,A33) -> 0
A34: Bryan Clark | B34: UIUC | C34: IL | D34: Physics | E34: Y | F34: 4 | G34: bayes-cmp | H34: Neural quantum states | I34: https://physics.illinois.edu/people/directory/profile/bkclark | J34: =COUNTIFS($B:$B,B34,$F:$F,">"&F34)+1 -> 1 | K34: =COUNTIF(Papers!$E:$E,A34) -> 2
A35: Lucas Wagner | B35: UIUC | C35: IL | D35: Physics | E35: Y | F35: 3 | G35: bayes-cmp | I35: https://physics.illinois.edu/people/directory/profile/lkwagner | J35: =COUNTIFS($B:$B,B35,$F:$F,">"&F35)+1 -> 2 | K35: =COUNTIF(Papers!$E:$E,A35) -> 2
A36: Elif Ertekin | B36: UIUC | C36: IL | D36: Mechanical Sci & Eng | E36: N | F36: 1 | G36: phonon-lineage | H36: Weak fit | I36: https://mechse.illinois.edu/people/profile/ertekin | J36: =COUNTIFS($B:$B,B36,$F:$F,">"&F36)+1 -> 3 | K36: =COUNTIF(Papers!$E:$E,A36) -> 1
A37: Eun-Ah Kim | B37: Cornell | C37: NY | D37: Physics | E37: Y | F37: 5 | G37: phonon-lineage | H37: Strongest CMP+ML fit (XTEC on scattering data) | I37: https://physics.cornell.edu/eun-ah-kim | J37: =COUNTIFS($B:$B,B37,$F:$F,">"&F37)+1 -> 1 | K37: =COUNTIF(Papers!$E:$E,A37) -> 2
A38: Carla Gomes | B38: Cornell | C38: NY | D38: Computer Science | E38: N | F38: 2 | G38: phonon-lineage | I38: https://www.cs.cornell.edu/people/carla-gomes | J38: =COUNTIFS($B:$B,B38,$F:$F,">"&F38)+1 -> 2 | K38: =COUNTIF(Papers!$E:$E,A38) -> 1
A39: Qimin Yan | B39: Northeastern | C39: MA | D39: Physics | E39: Y | F39: 5 | G39: phonon-lineage | H39: Equivariant spectra; cites seed | I39: https://cos.northeastern.edu/wp-content/uploads/2024/12/CV_Qimin_Yan.pdf | J39: =COUNTIFS($B:$B,B39,$F:$F,">"&F39)+1 -> 1 | K39: =COUNTIF(Papers!$E:$E,A39) -> 2
A40: Marco Bernardi | B40: Caltech | C40: CA | D40: Applied Physics & Materials Sci | E40: Y | F40: 4 | G40: phonon-lineage | H40: Electron-phonon, physics-heavy | I40: https://www.aphms.caltech.edu/people/bmarco | J40: =COUNTIFS($B:$B,B40,$F:$F,">"&F40)+1 -> 1 | K40: =COUNTIF(Papers!$E:$E,A40) -> 1
A41: Yi-Zhuang You | B41: UC San Diego | C41: CA | D41: Physics | E41: Y | F41: 4 | G41: bayes-cmp | H41: Welcomes student inquiries | I41: https://everettyou.github.io/people/YZYou | J41: =COUNTIFS($B:$B,B41,$F:$F,">"&F41)+1 -> 1 | K41: =COUNTIF(Papers!$E:$E,A41) -> 1
A42: Richard Scalettar | B42: UC Davis | C42: CA | D42: Physics & Astronomy | E42: Y | F42: 4 | G42: bayes-cmp | H42: ML on electron-phonon (Holstein) QMC | I42: https://physics.ucdavis.edu/directory/faculty/richard-scalettar | J42: =COUNTIFS($B:$B,B42,$F:$F,">"&F42)+1 -> 1 | K42: =COUNTIF(Papers!$E:$E,A42) -> 1
A43: Olivier Delaire | B43: Duke | C43: NC | D43: Mech Eng & Materials Sci (Physics DB) | E43: Partial | F43: 4 | G43: phonon-lineage | H43: Experimental phonons + ML INS inversion; confirm Physics advising | I43: https://fds.duke.edu/db/aas/Physics/researchers/olivier.delaire | J43: =COUNTIFS($B:$B,B43,$F:$F,">"&F43)+1 -> 1 | K43: =COUNTIF(Papers!$E:$E,A43) -> 1
A44: Yao Wang | B44: Emory | C44: GA | D44: Chemistry (Physics grad program) | E44: Partial | F44: 4 | G44: phonon-lineage | H44: Co-author lead on many Mingda Li papers | I44: https://www.emory.edu/ | J44: =COUNTIFS($B:$B,B44,$F:$F,">"&F44)+1 -> 1 | K44: =COUNTIF(Papers!$E:$E,A44) -> 0
A45: Gia-Wei Chern | B45: U Virginia | C45: VA | D45: Physics | E45: Y | F45: 4 | G45: bayes-cmp | H45: ML force fields for spin systems | I45: https://www.phys.virginia.edu/People/personal.asp?UID=gc6u | J45: =COUNTIFS($B:$B,B45,$F:$F,">"&F45)+1 -> 1 | K45: =COUNTIF(Papers!$E:$E,A45) -> 2
A46: Kieron Burke | B46: UC Irvine | C46: CA | D46: Chemistry; Physics & Astronomy | E46: Y | F46: 3 | G46: bayes-cmp | H46: ML-DFT | I46: https://ps.uci.edu/fprofile/kieron-burke/ | J46: =COUNTIFS($B:$B,B46,$F:$F,">"&F46)+1 -> 1 | K46: =COUNTIF(Papers!$E:$E,A46) -> 1
A47: Zhantao Chen | B47: UT Austin | C47: TX | D47: Mechanical Eng | E47: N | F47: 5 | G47: bayes-cmp | H47: SEED-PAPER FIRST AUTHOR, now faculty; Bayesian Hamiltonian inference from INS | I47: https://www.me.utexas.edu/people/faculty-directory/zchen | J47: =COUNTIFS($B:$B,B47,$F:$F,">"&F47)+1 -> 1 | K47: =COUNTIF(Papers!$E:$E,A47) -> 1
A48: Boris Kozinsky | B48: Harvard | C48: MA | D48: SEAS / Chem | E48: N | F48: 4 | G48: phonon-lineage | H48: Best Bayesian-UQ match (FLARE GP force fields, thermal transport) | I48: https://mir.g.harvard.edu/people/boris-kozinsky | J48: =COUNTIFS($B:$B,B48,$F:$F,">"&F48)+1 -> 1 | K48: =COUNTIF(Papers!$E:$E,A48) -> 3
A49: Emanuel Gull | B49: U Michigan | C49: MI | D49: Physics | E49: Y | F49: 2 | G49: bayes-cmp | H49: FLAG: lab relocating to Warsaw (ERC) | I49: https://lsa.umich.edu/physics/people/faculty/egull.html | J49: =COUNTIFS($B:$B,B49,$F:$F,">"&F49)+1 -> 1 | K49: =COUNTIF(Papers!$E:$E,A49) -> 1
A50: Chen Li | B50: UC Riverside | C50: CA | D50: Mech Eng / MSE | E50: N | F50: 3 | G50: phonon-lineage | H50: VAE inversion of neutron spectra | I50: https://chenwli.com/ | J50: =COUNTIFS($B:$B,B50,$F:$F,">"&F50)+1 -> 1 | K50: =COUNTIF(Papers!$E:$E,A50) -> 1
... A53: Dane Morgan | B53: UW-Madison | C53: WI | D53: Materials Sci & Eng | E53: N | F53: 3 | G53: bayes-cmp | H53: Calibrated UQ + domain guidance | I53: https://engineering.wisc.edu/directory/profile/dane-morgan | J53: =COUNTIFS($B:$B,B53,$F:$F,">"&F53)+1 -> 1 | K53: =COUNTIF(Papers!$E:$E,A53) -> 1
A54: Kamal Choudhary | B54: Johns Hopkins | C54: MD | D54: Materials Sci & Eng (joint ECE) | E54: N | F54: 3 | G54: phonon-lineage | I54: https://engineering.jhu.edu/materials/faculty/kamal-choudhary/ | J54: =COUNTIFS($B:$B,B54,$F:$F,">"&F54)+1 -> 1 | K54: =COUNTIF(Papers!$E:$E,A54) -> 1
A55: Ellad Tadmor | B55: U Minnesota | C55: MN | D55: Aerospace Eng & Mechanics | E55: N | F55: 2 | G55: bayes-cmp | H55: Ensemble UQ for interatomic potentials | I55: https://cse.umn.edu/aem/ellad-b-tadmor | J55: =COUNTIFS($B:$B,B55,$F:$F,">"&F55)+1 -> 1 | K55: =COUNTIF(Papers!$E:$E,A55) -> 1
A56: Xiulin Ruan | B56: Purdue | C56: IN | D56: Mechanical Eng | E56: N | F56: 2 | G56: phonon-lineage | I56: https://engineering.purdue.edu/ME/People/ptProfile?resource_id=29343 | J56: =COUNTIFS($B:$B,B56,$F:$F,">"&F56)+1 -> 1 | K56: =COUNTIF(Papers!$E:$E,A56) -> 1
A57: Ming Hu | B57: U South Carolina | C57: SC | D57: Mechanical Eng | E57: N | F57: 2 | G57: phonon-lineage | H57: Direct phonon-DOS competitor | I57: https://sc.edu/study/colleges_schools/engineering_and_computing/faculty-staff/minghu.php | J57: =COUNTIFS($B:$B,B57,$F:$F,">"&F57)+1 -> 1 | K57: =COUNTIF(Papers!$E:$E,A57) -> 1
A58: Yi Xia | B58: Portland State | C58: OR | D58: Mechanical & Materials Eng | E58: N | F58: 2 | G58: phonon-lineage | I58: https://www.pdx.edu/profile/yi-xia | J58: =COUNTIFS($B:$B,B58,$F:$F,">"&F58)+1 -> 1 | K58: =COUNTIF(Papers!$E:$E,A58) -> 2
A59: Matthias Agne | B59: U Oregon | C59: OR | D59: Chemistry & Biochemistry | E59: N | F59: 2 | G59: phonon-lineage | I59: https://chemistry.uoregon.edu/profile/agne/ | J59: =COUNTIFS($B:$B,B59,$F:$F,">"&F59)+1 -> 1 | K59: =COUNTIF(Papers!$E:$E,A59) -> 1
A60: Shuiwang Ji | B60: Texas A&M | C60: TX | D60: CS & Eng | E60: N | F60: 1 | G60: phonon-lineage | H60: Affiliation NOT verified | I60: https://engineering.tamu.edu/ | J60: =COUNTIFS($B:$B,B60,$F:$F,">"&F60)+1 -> 1 | K60: =COUNTIF(Papers!$E:$E,A60) -> 1

Sheet Papers
A1: Title | B1: Year | C1: Venue | D1: Link | E1: Senior PI | F1: University | G1: Thread | H1: Note
A2: Direct Prediction of Phonon DOS with Euclidean Neural Networks (SEED) | B2: 2021 | C2: Advanced Science | D2: https://doi.org/10.1002/advs.202004214 | E2: Mingda Li | F2: =INDEX(Faculty!$B:$B,MATCH(E2,Faculty!$A:$A,0)) -> MIT | G2: phonon-ML | H2: Seed
A3: Virtual node GNN for full phonon prediction | B3: 2023 | C3: Nature Comput. Sci. | D3: https://arxiv.org/abs/2301.02197 | E3: Mingda Li | F3: =INDEX(Faculty!$B:$B,MATCH(E3,Faculty!$A:$A,0)) -> MIT | G3: phonon-ML | H3: DOS to full dispersion
A4: Foundation model for defect identification from vibrational spectra | B4: 2025 | C4: Matter | D4: https://arxiv.org/abs/2506.00725 | E4: Mingda Li | F4: =INDEX(Faculty!$B:$B,MATCH(E4,Faculty!$A:$A,0)) -> MIT | G4: scattering-ML
A5: AI-driven defect engineering for thermoelectrics | B5: 2025 | C5: Adv. Materials | D5: https://arxiv.org/abs/2503.19148 | E5: Mingda Li | F5: =INDEX(Faculty!$B:$B,MATCH(E5,Faculty!$A:$A,0)) -> MIT | G5: thermal-transport
A6: Universal ensemble-embedding GNN for optical spectra | B6: 2024 | C6: Advanced Materials | D6: https://doi.org/10.1002/adma.202409175 | E6: Mingda Li | F6: =INDEX(Faculty!$B:$B,MATCH(E6,Faculty!$A:$A,0)) -> MIT | G6: equivariant-NN
A7: Structural constraint integration in generative model for quantum materials | B7: 2025 | C7: Nature Materials | D7: https://doi.org/10.1038/s41563-025-02355-y | E7: Mingda Li | F7: =INDEX(Faculty!$B:$B,MATCH(E7,Faculty!$A:$A,0)) -> MIT | G7: other
A8: Machine-learning spectral indicators of topology | B8: 2022 | C8: Advanced Materials | D8: https://doi.org/10.1002/adma.202204113 | E8: Mingda Li | F8: =INDEX(Faculty!$B:$B,MATCH(E8,Faculty!$A:$A,0)) -> MIT | G8: scattering-ML
A9: ML magnetism classifiers from atomic coordinates | B9: 2022 | C9: iScience | D9: https://doi.org/10.1016/j.isci.2022.105192 | E9: Mingda Li | F9: =INDEX(Faculty!$B:$B,MATCH(E9,Faculty!$A:$A,0)) -> MIT | G9: equivariant-NN | H9: with Smidt
A10: Machine learning on neutron and x-ray scattering (review) | B10: 2021 | C10: Chem. Phys. Rev. | D10: https://arxiv.org/abs/2102.03024 | E10: Mingda Li | F10: =INDEX(Faculty!$B:$B,MATCH(E10,Faculty!$A:$A,0)) -> MIT | G10: scattering-ML
A11: Challenges and opportunities of ML on neutron and x-ray scattering | B11: 2022 | C11: Synchrotron Rad. News | D11: https://doi.org/10.1080/08940886.2022.2112498 | E11: Mingda Li | F11: =INDEX(Faculty!$B:$B,MATCH(E11,Faculty!$A:$A,0)) -> MIT | G11: scattering-ML
A12: e3nn: Euclidean neural networks | B12: 2022 | C12: arXiv | D12: https://arxiv.org/abs/2207.09453 | E12: Tess Smidt | F12: =INDEX(Faculty!$B:$B,MATCH(E12,Faculty!$A:$A,0)) -> MIT | G12: equivariant-NN | H12: Framework under the seed
A13: Phonon predictions with E(3)-equivariant GNNs (Phonax) | B13: 2024 | C13: arXiv | D13: https://arxiv.org/abs/2403.11347 | E13: Tess Smidt | F13: =INDEX(Faculty!$B:$B,MATCH(E13,Faculty!$A:$A,0)) -> MIT | G13: phonon-ML | H13: Checkelsky co-PI
A14: NequIP: E(3)-equivariant interatomic potentials | B14: 2022 | C14: Nature Commun. | D14: https://arxiv.org/abs/2101.03164 | E14: Boris Kozinsky | F14: =INDEX(Faculty!$B:$B,MATCH(E14,Faculty!$A:$A,0)) -> Harvard | G14: equivariant-NN
A15: Allegro: local equivariant representations | B15: 2023 | C15: Nature Commun. | D15: https://arxiv.org/abs/2204.05249 | E15: Boris Kozinsky | F15: =INDEX(Faculty!$B:$B,MATCH(E15,Faculty!$A:$A,0)) -> Harvard | G15: equivariant-NN
A16: Uncertainty-aware MD from Bayesian active learning (SiC) | B16: 2023 | C16: npj Comput. Mater. | D16: https://doi.org/10.1038/s41524-023-00988-8 | E16: Boris Kozinsky | F16: =INDEX(Faculty!$B:$B,MATCH(E16,Faculty!$A:$A,0)) -> Harvard | G16: thermal-transport | H16: Bayesian UQ
A17: Tensorial spectra with equivariant GNN (TSENN) | B17: 2025 | C17: Nature Commun. | D17: https://arxiv.org/abs/2505.04862 | E17: Qimin Yan | F17: =INDEX(Faculty!$B:$B,MATCH(E17,Faculty!$A:$A,0)) -> Northeastern | G17: equivariant-NN | H17: Cites seed
A18: ML for ensemble properties of disordered materials | B18: 2025 | C18: ACS Nano | D18: https://arxiv.org/abs/2506.15652 | E18: Qimin Yan | F18: =INDEX(Faculty!$B:$B,MATCH(E18,Faculty!$A:$A,0)) -> Northeastern | G18: equivariant-NN | H18: Cites seed
A19: Surrogate- and invariance-boosted contrastive learning | B19: 2021 | C19: Nature Commun. | D19: https://arxiv.org/abs/2110.08406 | E19: Marin Soljacic | F19: =INDEX(Faculty!$B:$B,MATCH(E19,Faculty!$A:$A,0)) -> MIT | G19: other | H19: Cites seed
A20: Predicting band gap from chemical composition | B20: 2025 | C20: arXiv | D20: https://arxiv.org/abs/2501.02932 | E20: Marin Soljacic | F20: =INDEX(Faculty!$B:$B,MATCH(E20,Faculty!$A:$A,0)) -> MIT | G20: other | H20: Cites seed
A21: Superconductor discovery via deep learning of electron-phonon spectral function | B21: 2024 | C21: npj Comput. Mater. | D21: https://arxiv.org/abs/2401.16611 | E21: Richard Hennig | F21: =INDEX(Faculty!$B:$B,MATCH(E21,Faculty!$A:$A,0)) -> U Florida | G21: phonon-ML | H21: Hirschfeld co-author
A22: Guided diffusion for discovery of superconductors | B22: 2025 | C22: npj Comput. Mater. | D22: https://arxiv.org/abs/2509.25186 | E22: Richard Hennig | F22: =INDEX(Faculty!$B:$B,MATCH(E22,Faculty!$A:$A,0)) -> U Florida | G22: other | H22: Cites seed
A23: Universal harmonic interatomic potential for phonons | B23: 2024 | C23: Appl. Phys. Lett. | D23: https://arxiv.org/abs/2402.11383 | E23: Yi Xia | F23: =INDEX(Faculty!$B:$B,MATCH(E23,Faculty!$A:$A,0)) -> Portland State | G23: phonon-ML | H23: Cites seed
A24: High-throughput phonons via ML universal potentials | B24: 2024 | C24: Mater. Today Phys. | D24: https://arxiv.org/abs/2407.09674 | E24: Yi Xia | F24: =INDEX(Faculty!$B:$B,MATCH(E24,Faculty!$A:$A,0)) -> Portland State | G24: phonon-ML | H24: Cites seed
A25: Phonon DOS by crystal attention GNN | B25: 2024 | C25: Mater. Today Phys. | D25: https://doi.org/10.1016/j.mtphys.2024.101632 | E25: Ming Hu | F25: =INDEX(Faculty!$B:$B,MATCH(E25,Faculty!$A:$A,0)) -> U South Carolina | G25: phonon-ML | H25: Direct competitor
A26: ML prediction of phonon scattering rates and thermal conductivity | B26: 2023 | C26: npj Comput. Mater. | D26: https://doi.org/10.1038/s41524-023-01020-9 | E26: Xiulin Ruan | F26: =INDEX(Faculty!$B:$B,MATCH(E26,Faculty!$A:$A,0)) -> Purdue | G26: thermal-transport
A27: Obscured phonon dynamics from powder INS using ML | B27: 2024 | C27: Mach. Learn.: Sci. Technol. | D27: https://doi.org/10.1088/2632-2153/ad79b6 | E27: Chen Li | F27: =INDEX(Faculty!$B:$B,MATCH(E27,Faculty!$A:$A,0)) -> UC Riverside | G27: scattering-ML | H27: VAE
A28: ML inversion of force constants from single-crystal INS | B28: 2026 | C28: Digital Discovery | D28: https://doi.org/10.1039/d6dd00008h | E28: Olivier Delaire | F28: =INDEX(Faculty!$B:$B,MATCH(E28,Faculty!$A:$A,0)) -> Duke | G28: scattering-ML
A29: RamanGPT: crystal structures to Raman spectra | B29: 2026 | C29: arXiv | D29: https://arxiv.org/abs/2606.03764 | E29: Kamal Choudhary | F29: =INDEX(Faculty!$B:$B,MATCH(E29,Faculty!$A:$A,0)) -> Johns Hopkins | G29: phonon-ML | H29: Cites seed
A30: Heat capacity estimation of complex materials | B30: 2025 | C30: Joule | D30: https://doi.org/10.1016/j.joule.2025.102054 | E30: Matthias Agne | F30: =INDEX(Faculty!$B:$B,MATCH(E30,Faculty!$A:$A,0)) -> U Oregon | G30: thermal-transport | H30: Cites seed
A31: Xtal2DoS: crystal-to-sequence DOS prediction | B31: 2023 | C31: arXiv | D31: https://arxiv.org/abs/2302.01486 | E31: Carla Gomes | F31: =INDEX(Faculty!$B:$B,MATCH(E31,Faculty!$A:$A,0)) -> Cornell | G31: phonon-ML | H31: Cites seed
A32: Interpretable unsupervised ML for x-ray diffraction (XTEC) | B32: 2022 | C32: PNAS | D32: https://doi.org/10.1073/pnas.2109665119 | E32: Eun-Ah Kim | F32: =INDEX(Faculty!$B:$B,MATCH(E32,Faculty!$A:$A,0)) -> Cornell | G32: scattering-ML
A33: Bragg glass signatures in PdxErTe3 via XRD temperature clustering | B33: 2024 | C33: Nature Physics | D33: https://doi.org/10.1038/s41567-023-02380-1 | E33: Eun-Ah Kim | F33: =INDEX(Faculty!$B:$B,MATCH(E33,Faculty!$A:$A,0)) -> Cornell | G33: scattering-ML
A34: ML + neutron scattering for Hamiltonian tuning of spin ice | B34: 2022 | C34: Commun. Materials | D34: https://doi.org/10.1038/s43246-022-00306-7 | E34: Alan Tennant | F34: =INDEX(Faculty!$B:$B,MATCH(E34,Faculty!$A:$A,0)) -> U Tennessee Knoxville | G34: scattering-ML | H34: Done at ORNL
A35: Data-driven compression of electron-phonon interactions | B35: 2024 | C35: Phys. Rev. X | D35: https://doi.org/10.1103/PhysRevX.14.021023 | E35: Marco Bernardi | F35: =INDEX(Faculty!$B:$B,MATCH(E35,Faculty!$A:$A,0)) -> Caltech | G35: phonon-ML
A36: Learning ordering in crystals with symmetry-aware GNNs | B36: 2024 | C36: arXiv | D36: https://arxiv.org/abs/2409.13851 | E36: Rafael Gomez-Bombarelli | F36: =INDEX(Faculty!$B:$B,MATCH(E36,Faculty!$A:$A,0)) -> MIT | G36: equivariant-NN | H36: Cites seed
A37: GNNs for crystal structures: capturing periodicity | B37: 2023 | C37: Science Advances | D37: https://arxiv.org/abs/2208.05039 | E37: Jeffrey Grossman | F37: =INDEX(Faculty!$B:$B,MATCH(E37,Faculty!$A:$A,0)) -> MIT | G37: equivariant-NN | H37: Cites seed
A38: Mixture-of-experts for data scarcity in materials | B38: 2022 | C38: npj Comput. Mater. | D38: https://arxiv.org/abs/2207.13880 | E38: Elif Ertekin | F38: =INDEX(Faculty!$B:$B,MATCH(E38,Faculty!$A:$A,0)) -> UIUC | G38: other
A39: Periodic graph transformers for crystal property prediction | B39: 2022 | C39: NeurIPS | D39: https://arxiv.org/abs/2209.11807 | E39: Shuiwang Ji | F39: =INDEX(Faculty!$B:$B,MATCH(E39,Faculty!$A:$A,0)) -> Texas A&M | G39: equivariant-NN
A40: Uncertainty-aware Hamiltonian inference and experimental design in quantum magnets | B40: 2026 | C40: arXiv | D40: https://arxiv.org/abs/2608.10350 | E40: Zhantao Chen | F40: =INDEX(Faculty!$B:$B,MATCH(E40,Faculty!$A:$A,0)) -> UT Austin | G40: A-bayesian | H40: Closest to FORGE Laplace/HMC
A41: Active learning for phase diagrams with Gaussian processes | B41: 2024 | C41: arXiv / NeurIPS ML4PS | D41: https://arxiv.org/abs/2409.07042 | E41: Chunjing Jia | F41: =INDEX(Faculty!$B:$B,MATCH(E41,Faculty!$A:$A,0)) -> U Florida | G41: A-bayesian
A42: ML reconstruction of electronic structure from ARPES | B42: 2026 | C42: arXiv | D42: https://arxiv.org/abs/2603.16725 | E42: Chunjing Jia | F42: =INDEX(Faculty!$B:$B,MATCH(E42,Faculty!$A:$A,0)) -> U Florida | G42: B-cmp-ml
A43: Physically constrained ensemble GP for quantum systems w/ heteroskedastic noise | B43: 2026 | C43: arXiv | D43: https://arxiv.org/abs/2606.11240 | E43: Adrian Del Maestro | F43: =INDEX(Faculty!$B:$B,MATCH(E43,Faculty!$A:$A,0)) -> U Tennessee Knoxville | G43: A-bayesian
A44: Compact spin-charge separated neural quantum states | B44: 2026 | C44: arXiv | D44: https://arxiv.org/abs/2606.17045 | E44: Yang Zhang | F44: =INDEX(Faculty!$B:$B,MATCH(E44,Faculty!$A:$A,0)) -> U Tennessee Knoxville | G44: B-cmp-ml
A45: Approaching the inverse neutron scattering problem with NNs | B45: 2026 | C45: arXiv | D45: https://arxiv.org/abs/2609.22535 | E45: Cristian Batista | F45: =INDEX(Faculty!$B:$B,MATCH(E45,Faculty!$A:$A,0)) -> U Tennessee Knoxville | G45: B-cmp-ml
A46: Autoencoder-assisted Bayesian optimization for defect structure refinement | B46: 2026 | C46: arXiv | D46: https://arxiv.org/abs/2601.00855 | E46: Arpan Biswas | F46: =INDEX(Faculty!$B:$B,MATCH(E46,Faculty!$A:$A,0)) -> U Tennessee Knoxville | G46: A-bayesian
A47: Bayesian optimization co-optimizing noise and discovery | B47: 2025 | C47: Digital Discovery | D47: https://doi.org/10.1039/d4dd00391h | E47: Sergei Kalinin | F47: =INDEX(Faculty!$B:$B,MATCH(E47,Faculty!$A:$A,0)) -> U Tennessee Knoxville | G47: A-bayesian
A48: Human-guided multi-objective Bayesian optimization in SPM | B48: 2026 | C48: Nano Letters | D48: https://doi.org/10.1021/acs.nanolett.5c05373 | E48: Sergei Kalinin | F48: =INDEX(Faculty!$B:$B,MATCH(E48,Faculty!$A:$A,0)) -> U Tennessee Knoxville | G48: A-bayesian
A49: RIXS Hamiltonian inference with Bayesian optimization | B49: 2025 | C49: Phys. Rev. B | D49: https://doi.org/10.1103/tnqm-ttj3 | E49: Steve Johnston | F49: =INDEX(Faculty!$B:$B,MATCH(E49,Faculty!$A:$A,0)) -> U Tennessee Knoxville | G49: A-bayesian | H49: Senior author Mark Dean (BNL)
A50: Unifying view of fermionic neural network quantum states | B50: 2024 | C50: Phys. Rev. B | D50: https://arxiv.org/abs/2311.09450 | E50: Bryan Clark | F50: =INDEX(Faculty!$B:$B,MATCH(E50,Faculty!$A:$A,0)) -> UIUC | G50: B-cmp-ml
A51: Neural network backflow for ab-initio solids | B51: 2026 | C51: arXiv | D51: https://arxiv.org/abs/2603.14775 | E51: Bryan Clark | F51: =INDEX(Faculty!$B:$B,MATCH(E51,Faculty!$A:$A,0)) -> UIUC | G51: B-cmp-ml
A52: Expressivity of determinantal ansatzes for NN wave functions | B52: 2025 | C52: JCTC | D52: https://arxiv.org/abs/2506.00155 | E52: Lucas Wagner | F52: =INDEX(Faculty!$B:$B,MATCH(E52,Faculty!$A:$A,0)) -> UIUC | G52: B-cmp-ml
A53: Renormalized density matrix downfolding | B53: 2024 | C53: Phys. Rev. B | D53: https://doi.org/10.1103/PhysRevB.110.195103 | E53: Lucas Wagner | F53: =INDEX(Faculty!$B:$B,MATCH(E53,Faculty!$A:$A,0)) -> UIUC | G53: B-cmp-ml
A54: Fractional electron states in twisted MoTe2 with deep NN | B54: 2025 | C54: arXiv | D54: https://arxiv.org/abs/2503.13585 | E54: Liang Fu | F54: =INDEX(Faculty!$B:$B,MATCH(E54,Faculty!$A:$A,0)) -> MIT | G54: B-cmp-ml | H54: Di Luo first author
A55: Simulating moire quantum matter with neural network | B55: 2024 | C55: arXiv | D55: https://arxiv.org/abs/2406.17645 | E55: Liang Fu | F55: =INDEX(Faculty!$B:$B,MATCH(E55,Faculty!$A:$A,0)) -> MIT | G55: B-cmp-ml
A56: Fractional quantum Hall wavefunctions with neural network | B56: 2024 | C56: arXiv | D56: https://arxiv.org/abs/2412.00618 | E56: Liang Fu | F56: =INDEX(Faculty!$B:$B,MATCH(E56,Faculty!$A:$A,0)) -> MIT | G56: B-cmp-ml
A57: ShadowGPT: quantum many-body from randomized measurements | B57: 2024 | C57: arXiv | D57: https://arxiv.org/abs/2411.03285 | E57: Yi-Zhuang You | F57: =INDEX(Faculty!$B:$B,MATCH(E57,Faculty!$A:$A,0)) -> UC San Diego | G57: B-cmp-ml
A58: Learning by confusion: phase diagram of the Holstein model | B58: 2025 | C58: arXiv | D58: https://arxiv.org/abs/2501.04681 | E58: Richard Scalettar | F58: =INDEX(Faculty!$B:$B,MATCH(E58,Faculty!$A:$A,0)) -> UC Davis | G58: B-cmp-ml | H58: Electron-phonon
A59: Compact representation of real-frequency spectral functions for ML | B59: 2026 | C59: arXiv | D59: https://arxiv.org/abs/2607.11190 | E59: Emanuel Gull | F59: =INDEX(Faculty!$B:$B,MATCH(E59,Faculty!$A:$A,0)) -> U Michigan | G59: B-cmp-ml
A60: ML magnetization dynamics in metallic spin systems | B60: 2026 | C60: arXiv | D60: https://arxiv.org/abs/2604.11513 | E60: Gia-Wei Chern | F60: =INDEX(Faculty!$B:$B,MATCH(E60,Faculty!$A:$A,0)) -> U Virginia | G60: B-cmp-ml
A61: ML force-field approach for itinerant electron magnets | B61: 2025 | C61: arXiv | D61: https://arxiv.org/abs/2501.06171 | E61: Gia-Wei Chern | F61: =INDEX(Faculty!$B:$B,MATCH(E61,Faculty!$A:$A,0)) -> U Virginia | G61: B-cmp-ml
A62: ML materials properties with uncertainty estimates and domain guidance | B62: 2024 | C62: Mach. Learn.: Sci. Technol. | D62: https://arxiv.org/abs/2406.15650 | E62: Dane Morgan | F62: =INDEX(Faculty!$B:$B,MATCH(E62,Faculty!$A:$A,0)) -> UW-Madison | G62: A-bayesian
A63: Ensemble UQ methods for NN interatomic potentials | B63: 2026 | C63: Mach. Learn.: Sci. Technol. | D63: https://arxiv.org/abs/2508.06456 | E63: Ellad Tadmor | F63: =INDEX(Faculty!$B:$B,MATCH(E63,Faculty!$A:$A,0)) -> U Minnesota | G63: A-bayesian | H63: Transtrum last author (left BYU)
A64: UQ and propagation in atomistic ML (review) | B64: 2024 | C64: arXiv | D64: https://arxiv.org/abs/2405.02461 | E64: Mingjian Wen | F64: =INDEX(Faculty!$B:$B,MATCH(E64,Faculty!$A:$A,0)) -> U Houston | G64: A-bayesian
A65: Can machines learn density functionals? (review) | B65: 2025 | C65: arXiv | D65: https://arxiv.org/abs/2503.01709 | E65: Kieron Burke | F65: =INDEX(Faculty!$B:$B,MATCH(E65,Faculty!$A:$A,0)) -> UC Irvine | G65: B-cmp-ml
A66: Ultrahigh-Q torsional nanomechanics through Bayesian optimization | B66: 2026 | C66: Nano Letters | D66: https://doi.org/10.1021/acs.nanolett.5c06306 | E66: Dalziel Wilson | F66: =INDEX(Faculty!$B:$B,MATCH(E66,Faculty!$A:$A,0)) -> University of Arizona | G66: ML-methods | H66: Bayesian opt of phononic modes
A67: Imaging-based quantum optomechanics | B67: 2025 | C67: Phys. Rev. Lett. | D67: https://doi.org/10.1103/64xv-3fyx | E67: Dalziel Wilson | F67: =INDEX(Faculty!$B:$B,MATCH(E67,Faculty!$A:$A,0)) -> University of Arizona | G67: quantum
A68: A bright future for topological acoustics | B68: 2025 | C68: Nature Commun. | D68: https://doi.org/10.1038/s41467-025-61380-2 | E68: Pierre Deymier | F68: =INDEX(Faculty!$B:$B,MATCH(E68,Faculty!$A:$A,0)) -> University of Arizona | G68: phonon
A69: Shor's algorithm with topological acoustic phase bits | B69: 2026 | C69: Commun. Engineering | D69: https://doi.org/10.1038/s44172-026-00623-6 | E69: Pierre Deymier | F69: =INDEX(Faculty!$B:$B,MATCH(E69,Faculty!$A:$A,0)) -> University of Arizona | G69: quantum
A70: Composite superlattice RF surface-acoustic-wave devices | B70: 2026 | C70: Phys. Rev. Applied | D70: https://doi.org/10.1103/p8q7-r6ck | E70: Pierre Deymier | F70: =INDEX(Faculty!$B:$B,MATCH(E70,Faculty!$A:$A,0)) -> University of Arizona | G70: semiconductor | H70: Mutlu co-author
A71: Phonon lifetimes in B-isotope graphene-hBN devices | B71: 2022 | C71: Phys. Status Solidi RRL | D71: https://doi.org/10.1002/pssr.202200030 | E71: Brian LeRoy | F71: =INDEX(Faculty!$B:$B,MATCH(E71,Faculty!$A:$A,0)) -> University of Arizona | G71: cmp-experiment | H71: Sandhu co-author
A72: Defects and phonons in bandgap dynamics of monolayer WS2 | B72: 2021 | C72: J. Phys.: Materials | D72: https://doi.org/10.1088/2515-7639/abc13b | E72: Arvinder Sandhu | F72: =INDEX(Faculty!$B:$B,MATCH(E72,Faculty!$A:$A,0)) -> University of Arizona | G72: semiconductor | H72: with Schaibley, LeRoy
A73: Imaging interlayer exciton superfluidity in 2D heterostructure | B73: 2025 | C73: Science Advances | D73: https://doi.org/10.1126/sciadv.adr1772 | E73: John Schaibley | F73: =INDEX(Faculty!$B:$B,MATCH(E73,Faculty!$A:$A,0)) -> University of Arizona | G73: cmp-experiment | H73: with LeRoy
A74: Nanoscale trapping of interlayer excitons | B74: 2021 | C74: Nano Letters | D74: https://doi.org/10.1021/acs.nanolett.1c01215 | E74: John Schaibley | F74: =INDEX(Faculty!$B:$B,MATCH(E74,Faculty!$A:$A,0)) -> University of Arizona | G74: semiconductor
A75: Atomically precise graphene nanoribbon transistors | B75: 2024 | C75: ACS Nano | D75: https://doi.org/10.1021/acsnano.4c04097 | E75: Zafer Mutlu | F75: =INDEX(Faculty!$B:$B,MATCH(E75,Faculty!$A:$A,0)) -> University of Arizona | G75: semiconductor | H75: with LeRoy
A76: 9-AGNR transistors under gamma irradiation | B76: 2026 | C76: ACS AMI | D76: https://doi.org/10.1021/acsami.6c02516 | E76: Zafer Mutlu | F76: =INDEX(Faculty!$B:$B,MATCH(E76,Faculty!$A:$A,0)) -> University of Arizona | G76: semiconductor | H76: HEP bridge
A77: Oxidized van der Waals TMDs (review) | B77: 2024 | C77: Advanced Science | D77: https://doi.org/10.1002/advs.202407175 | E77: Brian S.Y. Kim | F77: =INDEX(Faculty!$B:$B,MATCH(E77,Faculty!$A:$A,0)) -> University of Arizona | G77: semiconductor
A78: Work sum rule for open quantum systems | B78: 2024 | C78: Phys. Rev. Lett. | D78: https://doi.org/10.1103/PhysRevLett.133.070404 | E78: Charles Stafford | F78: =INDEX(Faculty!$B:$B,MATCH(E78,Faculty!$A:$A,0)) -> University of Arizona | G78: cmp-theory
A79: Persistent vs dissipative Peltier effect in topological thermocouple | B79: 2024 | C79: arXiv | D79: https://arxiv.org/abs/2410.06312 | E79: Charles Stafford | F79: =INDEX(Faculty!$B:$B,MATCH(E79,Faculty!$A:$A,0)) -> University of Arizona | G79: cmp-theory
A80: Layered ferromagnet Cr1.21Te2 | B80: 2023 | C80: Phys. Rev. Materials | D80: https://doi.org/10.1103/PhysRevMaterials.7.044406 | E80: Tai Kong | F80: =INDEX(Faculty!$B:$B,MATCH(E80,Faculty!$A:$A,0)) -> University of Arizona | G80: cmp-experiment
A81: Shastry-Sutherland compound BaNd2ZnS5 | B81: 2022 | C81: Phys. Rev. Materials | D81: https://doi.org/10.1103/PhysRevMaterials.6.104403 | E81: Tai Kong | F81: =INDEX(Faculty!$B:$B,MATCH(E81,Faculty!$A:$A,0)) -> University of Arizona | G81: quantum
A82: Triplet-triplet multiexciton states in polypentacene | B82: 2026 | C82: J. Chem. Phys. | D82: https://arxiv.org/abs/2607.03706 | E82: Sumit Mazumdar | F82: =INDEX(Faculty!$B:$B,MATCH(E82,Faculty!$A:$A,0)) -> University of Arizona | G82: cmp-theory
A83: Light-induced quantum tunnelling current in graphene | B83: 2025 | C83: Nature Commun. | D83: https://doi.org/10.1038/s41467-025-59675-5 | E83: Mohammed Hassan | F83: =INDEX(Faculty!$B:$B,MATCH(E83,Faculty!$A:$A,0)) -> University of Arizona | G83: quantum | H83: with Golubev
A84: Attosecond electron microscopy and diffraction | B84: 2024 | C84: Science Advances | D84: https://doi.org/10.1126/sciadv.adp5805 | E84: Mohammed Hassan | F84: =INDEX(Faculty!$B:$B,MATCH(E84,Faculty!$A:$A,0)) -> University of Arizona | G84: cmp-experiment
A85: Attosecond diffraction imaging of electron dynamics in solids | B85: 2025 | C85: Phys. Rev. Research | D85: https://doi.org/10.1103/PhysRevResearch.7.L022042 | E85: Nikolay Golubev | F85: =INDEX(Faculty!$B:$B,MATCH(E85,Faculty!$A:$A,0)) -> University of Arizona | G85: cmp-theory
A86: IR absorbance of hydrocarbons via message-passing NN | B86: 2024 | C86: J. Phys. Chem. A | D86: https://doi.org/10.1021/acs.jpca.4c06745 | E86: Jean-Luc Bredas | F86: =INDEX(Faculty!$B:$B,MATCH(E86,Faculty!$A:$A,0)) -> University of Arizona | G86: phonon-ML | H86: Closest UA methods match
A87: Microstructure-property ML via vision transformers | B87: 2025 | C87: Acta Materialia | D87: https://arxiv.org/abs/2501.18637 | E87: Marat Latypov | F87: =INDEX(Faculty!$B:$B,MATCH(E87,Faculty!$A:$A,0)) -> University of Arizona | G87: ML-methods
A88: In-plane thermal conductivity of strained Si thin films | B88: 2023 | C88: J. Appl. Phys. | D88: https://doi.org/10.1063/5.0125422 | E88: Qing Hao | F88: =INDEX(Faculty!$B:$B,MATCH(E88,Faculty!$A:$A,0)) -> University of Arizona | G88: semiconductor
A89: Heat conductance of graphene-sericin hybrid | B89: 2022 | C89: Adv. Funct. Mater. | D89: https://doi.org/10.1002/adfm.202111121 | E89: Qing Hao | F89: =INDEX(Faculty!$B:$B,MATCH(E89,Faculty!$A:$A,0)) -> University of Arizona | G89: other
